datetime,sentiment_mean_BTC,sentiment_mean_MACRO,sentiment_mean_TECH,sentiment_count_BTC,sentiment_count_MACRO,sentiment_count_TECH,sentiment_std_BTC,fear_greed_index,target_up,sentiment_total_mean,sentiment_mean_BTC_roll_mean
2025-11-12 00:00:00+00:00,-0.0762942080285946,-0.12292216601669789,-0.14914733150005338,14.0,6.0,2.0,0.0,24.0,0.0,-0.11612123518178197,
2025-11-12 04:00:00+00:00,0.07362373344779012,0.2848078331879775,-0.25941296574592587,3.0,16.0,3.0,0.0,24.0,1.0,0.033006200296613906,
2025-11-12 08:00:00+00:00,0.1037254519463777,0.3137526252611478,-0.2175514640134573,15.0,12.0,5.0,0.0,24.0,1.0,0.06664220439802274,
2025-11-12 12:00:00+00:00,0.08673403946128155,0.0693383833940824,0.20389926505684852,23.0,9.0,8.0,0.0,24.0,0.0,0.11999056263740415,
2025-11-12 16:00:00+00:00,0.030387260387534185,0.15960068669319147,0.13317436688282092,21.0,7.0,20.0,0.0,24.0,1.0,0.10772077132118218,
2025-11-12 20:00:00+00:00,-0.04891409905268748,-0.10308386129379271,0.07547552318493522,21.0,7.0,7.0,0.0,24.0,1.0,-0.025507479053848325,
2025-11-13 00:00:00+00:00,0.15253253237644832,0.14466907180190083,-0.02718,7.0,4.0,2.0,0.0,15.0,0.0,0.09000720139278306,0.0459706729340214
2025-11-13 04:00:00+00:00,0.18477441174030304,-0.14590239190836746,-0.008272499999999995,5.0,14.0,2.0,0.0,15.0,1.0,0.01019983994397853,0.08326619004386392
2025-11-13 08:00:00+00:00,0.22265367477485107,0.016197890032927195,-0.03388499999999997,10.0,12.0,2.0,0.0,15.0,1.0,0.06832218826925943,0.10455618166201548
2025-11-13 12:00:00+00:00,0.17717790491604568,0.15493034146666523,0.01653379223465915,29.0,16.0,6.0,0.0,15.0,0.0,0.1162140128724567,0.11504938922911091
2025-11-13 16:00:00+00:00,0.04012221785487727,-0.11836442343132836,-0.13802586464484534,27.0,12.0,12.0,0.0,15.0,0.0,-0.07208935674043214,0.10839055757105316
2025-11-13 20:00:00+00:00,-0.10319282321248735,-0.338093143223524,-0.1847942343740662,19.0,6.0,14.0,0.0,15.0,0.0,-0.20869340027002584,0.08930768848533578
2025-11-14 00:00:00+00:00,0.13096489800532657,-0.350525052314043,-0.0015575841784477226,13.0,11.0,5.0,0.0,16.0,0.0,-0.07370591282905473,0.11500468806505208
2025-11-14 04:00:00+00:00,0.28509056570076935,-0.6055752502675851,0.023459056956768032,10.0,8.0,3.0,0.0,16.0,1.0,-0.09900854253668256,0.1339415499685265
2025-11-14 08:00:00+00:00,0.052746181782086676,0.08334097677230831,0.08677649999999998,9.0,10.0,7.0,0.0,16.0,0.0,0.07428788618479833,0.1150803742602099
2025-11-14 12:00:00+00:00,-0.16762564087023812,-0.11559980552792554,0.0004321023786068197,21.0,17.0,6.0,0.0,16.0,1.0,-0.09426444800651895,0.05932618631091143
2025-11-14 16:00:00+00:00,-0.0024064037700494735,-0.18659684546947483,-0.16817885434190433,33.0,13.0,13.0,0.0,16.0,0.0,-0.11906070119380956,0.0336712850700407
2025-11-14 20:00:00+00:00,-0.09750195815165834,-0.5570086597048441,-0.017613548559082832,8.0,9.0,6.0,0.0,16.0,0.0,-0.22404138880519509,0.01401068849767847
2025-11-15 00:00:00+00:00,0.11808333333333325,0.0,0.0,7.0,0.0,0.0,0.0,10.0,0.0,0.03936111111111108,0.045621568004224275
2025-11-15 04:00:00+00:00,0.09218449969947334,-0.08444336877385772,-0.043942499999999975,10.0,6.0,1.0,0.0,10.0,0.0,-0.012067123024794783,0.0400815111033881
2025-11-15 08:00:00+00:00,0.1316340974816254,0.3617060755264758,-0.04172481658577917,19.0,4.0,2.0,0.0,10.0,1.0,0.15053845214077402,0.01815915850065325
2025-11-15 12:00:00+00:00,-0.07725523065253098,-0.06969612348079678,0.23485233751217527,27.0,3.0,5.0,0.0,10.0,0.0,0.029300327792949166,-0.0004124718471492729
2025-11-15 16:00:00+00:00,0.13143615520119667,0.0,0.17731686199665067,18.0,0.0,3.0,0.0,10.0,0.0,0.10291767239928244,0.04231064187734141
2025-11-15 20:00:00+00:00,-0.005644674652258555,-0.022360722374916073,-0.15475858861446382,14.0,3.0,2.0,0.0,10.0,0.0,-0.06092132854721282,0.04184803175131154
2025-11-16 00:00:00+00:00,0.011702267368435854,0.0,0.09768749999999998,8.0,0.0,2.0,0.0,10.0,0.0,0.036463255789478614,0.05744863539703928
2025-11-16 04:00:00+00:00,0.084225,0.5709082837700843,0.038295,2.0,3.0,1.0,0.0,10.0,1.0,0.23114276125669475,0.05261173063513453
2025-11-16 08:00:00+00:00,0.09311604094584777,0.24669094824552534,0.2463081284570694,9.0,3.0,2.0,0.0,10.0,1.0,0.19537170588281416,0.05274480795604517
2025-11-16 12:00:00+00:00,0.18864965860197938,-0.18097831804156303,0.07814999999999997,18.0,3.0,2.0,0.0,10.0,0.0,0.028607113520138772,0.06088988811609573
2025-11-16 16:00:00+00:00,0.22661850501124062,-0.05775340102672582,0.1130775,23.0,3.0,2.0,0.0,10.0,1.0,0.09398086799483825,0.10430042178234882
2025-11-16 20:00:00+00:00,0.06548600773580368,0.0,0.09221249999999998,35.0,1.0,2.0,0.0,10.0,1.0,0.052566169245267885,0.09487897214443554
2025-11-17 00:00:00+00:00,0.13632825062195464,0.4110888655266761,-0.0847942827630043,10.0,12.0,3.0,0.0,14.0,0.0,0.15420761112854217,0.11516081861218028
2025-11-17 04:00:00+00:00,-0.41680126394271844,-0.389800222915411,-0.0151725,3.0,10.0,1.0,0.0,14.0,0.0,-0.2739246622860432,0.05394602842487252
2025-11-17 08:00:00+00:00,-0.004193980511625589,0.4555414856958389,0.21341879473010697,17.0,6.0,6.0,0.0,14.0,0.0,0.22158876663810675,0.0413147454946403
2025-11-17 12:00:00+00:00,-0.09077333063675294,0.17236391558448472,0.006069788245310372,28.0,10.0,12.0,0.0,14.0,1.0,0.02922012439768072,0.015044835268554475
2025-11-17 16:00:00+00:00,-0.15903861754131315,0.10242625044345857,-0.10146150968790049,16.0,6.0,9.0,0.0,14.0,1.0,-0.052691292261918356,-0.034624918466201596
2025-11-17 20:00:00+00:00,0.13870368294253801,-0.1937425831782818,0.04021378941380975,21.0,6.0,12.0,0.0,14.0,0.0,-0.004941703607311346,-0.04718417876173055
2025-11-18 00:00:00+00:00,-0.26864695335904754,0.04616221899819373,0.039502499999999975,10.0,9.0,2.0,0.0,11.0,0.0,-0.060994078120284616,-0.09491745891813785
2025-11-18 04:00:00+00:00,-0.016396875000000005,-0.3090845410372416,-0.3073715995287895,8.0,10.0,2.0,0.0,11.0,1.0,-0.21095100518867702,-0.11673533400698853
2025-11-18 08:00:00+00:00,0.06216646020460127,-0.33066511706364154,-0.2494902911877632,10.0,11.0,2.0,0.0,11.0,0.0,-0.17266298268226785,-0.04831137341451428
2025-11-18 12:00:00+00:00,0.003019243493405252,-0.32941930916138484,0.21453555327574408,29.0,14.0,13.0,0.0,11.0,1.0,-0.03728817079741183,-0.04728091284236702
2025-11-18 16:00:00+00:00,0.041893292462030995,-0.14181334396441778,-0.07345320314466955,24.0,5.0,9.0,0.0,11.0,0.0,-0.05779108488235211,-0.028328538113969313
2025-11-18 20:00:00+00:00,-0.07063979425569372,-0.2639703631634712,-0.6520363009190558,16.0,9.0,4.0,0.0,11.0,0.0,-0.32888215277940697,-0.01570013478745225
2025-11-19 00:00:00+00:00,0.10279980325698854,-0.0630661264073849,-0.19907340789318084,6.0,3.0,1.0,0.0,15.0,0.0,-0.053113243681192406,-0.020829260456816462
2025-11-19 04:00:00+00:00,0.06015271535416443,0.35436015053153036,0.09130200904130932,9.0,7.0,1.0,0.0,15.0,0.0,0.16860495830900138,0.026142120787928103
2025-11-19 08:00:00+00:00,-0.12127631747841838,0.02651595207194486,-0.0035524022976557504,14.0,11.0,6.0,0.0,15.0,1.0,-0.03277092256804309,0.011159343291011193
2025-11-19 12:00:00+00:00,0.05920624111831185,-0.007274174601634356,0.12138266374150912,20.0,13.0,8.0,0.0,15.0,0.0,0.05777157675272887,0.010736454850112705
2025-11-19 16:00:00+00:00,0.05463127780377855,-0.4087557289338112,0.3088721490830315,28.0,5.0,18.0,0.0,15.0,1.0,-0.015084100682333715,0.01810960260873746
2025-11-19 20:00:00+00:00,0.05024535956150958,-0.17182099837303155,-0.008505000000000023,18.0,10.0,6.0,0.0,15.0,1.0,-0.04336021293717399,0.01930275505152012
2025-11-20 00:00:00+00:00,-0.052153079091310506,0.05540781604695316,0.023864999999999977,9.0,9.0,1.0,0.0,11.0,1.0,0.009039912318547545,0.02194371436071772
2025-11-20 04:00:00+00:00,-0.035274446048736585,0.16917734523693723,-0.217588049788475,7.0,8.0,2.0,0.0,11.0,0.0,-0.02789505020009146,0.002218821602756987
2025-11-20 08:00:00+00:00,-0.04190618405580522,0.3693241931529641,0.09722039705355957,14.0,16.0,10.0,0.0,11.0,0.0,0.14154613538357283,-0.012361021170095821
2025-11-20 12:00:00+00:00,0.10666631579677265,0.13157489894625876,-0.048984444659948376,16.0,25.0,12.0,0.0,11.0,0.0,0.06308559002769433,0.02020221215493147
2025-11-20 16:00:00+00:00,-0.09246840257095439,-0.031088686021804784,-0.056199615322351404,19.0,14.0,14.0,0.0,11.0,0.0,-0.059918901305036854,-0.001465594086392279
2025-11-20 20:00:00+00:00,0.16120932980791722,-0.2808463029351234,0.1936884928309917,32.0,8.0,6.0,0.0,11.0,1.0,0.02468383990126184,0.01375984191419896
2025-11-21 00:00:00+00:00,0.06664929931263122,0.21907768580436704,0.0,11.0,8.0,0.0,0.0,14.0,1.0,0.09524232837233275,0.016103261878644907
2025-11-21 04:00:00+00:00,0.09364716402196879,0.1645699048710465,-0.11409538420557973,13.0,10.0,2.0,0.0,14.0,0.0,0.048040561562478525,0.03693186803768481
2025-11-21 08:00:00+00:00,0.12966296513038014,0.20527863267302512,0.03737892857142855,25.0,7.0,7.0,0.0,14.0,1.0,0.1241068421249446,0.06049435534898719
2025-11-21 12:00:00+00:00,0.08319688591659069,-0.05453179619802746,-0.27033846906661996,19.0,18.0,4.0,0.0,14.0,1.0,-0.0805577931160189,0.0783662224879009
2025-11-21 16:00:00+00:00,0.0449898494782476,-0.12894207859277723,-0.055478567321062086,20.0,5.0,12.0,0.0,14.0,1.0,-0.046476932145197235,0.0695552987281116
2025-11-21 20:00:00+00:00,0.17883493450832366,-0.20337773640990256,0.3075337003596624,8.0,6.0,6.0,0.0,14.0,0.0,0.09433029948602782,0.10831291831086562
2025-11-22 00:00:00+00:00,0.009743028019169951,-0.03496683058261871,-0.004362366273403154,19.0,2.0,4.0,0.0,11.0,0.0,-0.009862056278950636,0.08667487519818742
2025-11-22 04:00:00+00:00,0.24925126496076583,-0.38270280808210366,0.04593,5.0,3.0,1.0,0.0,11.0,0.0,-0.02917384770711261,0.1127608702907781
2025-11-22 08:00:00+00:00,0.4339155868123373,0.23693709829012552,0.0,12.0,2.0,0.0,0.0,11.0,0.0,0.22361756170082092,0.16137064497511644
2025-11-22 12:00:00+00:00,0.08529296384334557,-0.03303727697253227,-0.04552125000000001,27.0,4.0,4.0,0.0,11.0,1.0,0.0022448122902710976,0.15503207336268293
2025-11-22 16:00:00+00:00,0.2058482083289623,0.3601055956888199,0.10560749999999997,24.0,2.0,3.0,0.0,11.0,0.0,0.22385376800592738,0.1725536908501646
2025-11-22 20:00:00+00:00,0.11446017549117402,-0.22880207661628724,0.0580425,10.0,4.0,2.0,0.0,11.0,1.0,-0.01876646704170441,0.18247802313772551
2025-11-23 00:00:00+00:00,0.06142624999999998,0.0,0.0,11.0,1.0,0.0,0.0,13.0,1.0,0.02047541666666666,0.1657053539222507
2025-11-23 04:00:00+00:00,0.031401835154493615,0.04803915212154389,0.01875,17.0,2.0,1.0,0.0,13.0,1.0,0.032730329092012504,0.16879946922729694
2025-11-23 08:00:00+00:00,0.08965496861362453,-0.05505087548971175,0.11672847270965575,15.0,2.0,1.0,0.0,13.0,1.0,0.05044418861118951,0.14599999832056246
2025-11-23 12:00:00+00:00,0.14398238332176208,0.11515122578263282,0.1720143500471115,15.0,4.0,3.0,0.0,13.0,0.0,0.14371598638383545,0.1045809692504803
2025-11-23 16:00:00+00:00,0.05143028950630672,-0.0370425,0.10004106606245036,24.0,1.0,5.0,0.0,13.0,1.0,0.03814295185625236,0.09974344434518902
2025-11-23 20:00:00+00:00,0.18839663220135366,-0.3483159127926826,0.0220425,17.0,2.0,3.0,0.0,13.0,0.0,-0.04595892686377631,0.09725036204124494
2025-11-24 00:00:00+00:00,-0.19170668103138605,0.23343847677469254,0.05983499999999997,8.0,7.0,2.0,0.0,19.0,0.0,0.03385559858110215,0.05351223968087921
2025-11-24 04:00:00+00:00,0.050276249999999974,-0.27297193681557974,-0.20282460629224777,2.0,7.0,4.0,0.0,19.0,0.0,-0.1418400977026092,0.05191938253802207
2025-11-24 08:00:00+00:00,0.0889655341506004,-0.0946257750926415,0.06883270500143374,16.0,10.0,7.0,0.0,19.0,0.0,0.021057488019797548,0.06014276810889447
2025-11-24 12:00:00+00:00,0.07076363886706034,0.30216085507120016,-0.1873074600102504,24.0,19.0,12.0,0.0,19.0,1.0,0.06187234464267003,0.057444006716528155
2025-11-24 16:00:00+00:00,-0.0853283867786328,0.15512371063947678,-0.26905730582038556,23.0,10.0,13.0,0.0,19.0,1.0,-0.06642066065318053,0.024685325273614604
2025-11-24 20:00:00+00:00,0.04125414836810884,-0.2574165763755639,0.006713003198504458,20.0,8.0,7.0,0.0,19.0,0.0,-0.06981647493631687,0.02323159082530062
2025-11-25 00:00:00+00:00,-0.25621962700684864,-0.14100145023345945,0.18442110719084737,11.0,4.0,5.0,0.0,20.0,1.0,-0.07093332334982023,-0.040285017633014
2025-11-25 04:00:00+00:00,-0.15548232400894166,-0.07165951223889985,0.0691275,5.0,6.0,1.0,0.0,20.0,0.0,-0.05267144541594717,-0.035110109486950515
2025-11-25 08:00:00+00:00,0.08623680491407708,0.5824820004530747,0.10586999999999998,15.0,9.0,5.0,0.0,20.0,1.0,0.25819626845571725,-0.029972887356368074
2025-11-25 12:00:00+00:00,-0.07684562992801271,0.08516207888448238,-0.15575585481217924,24.0,15.0,20.0,0.0,20.0,1.0,-0.04914646861856986,-0.053660196510455664
2025-11-25 16:00:00+00:00,0.09164099150584806,0.14137642358291147,-0.17380069538879395,26.0,16.0,16.0,0.0,20.0,1.0,0.019738906566655195,-0.05067771756205741
2025-11-25 20:00:00+00:00,-0.06681957484980423,-0.1962030743551254,-0.05774625,13.0,5.0,2.0,0.0,20.0,1.0,-0.10692296640164321,-0.048033601572224756
2025-11-26 00:00:00+00:00,0.27937185944795606,0.14545470939358074,0.27982009452184037,13.0,12.0,5.0,0.0,15.0,1.0,0.23488222112112575,-0.014016785703675158
2025-11-26 04:00:00+00:00,0.16160070070123672,0.11308116713551677,-0.19741583904027937,9.0,14.0,2.0,0.0,15.0,0.0,0.02575534293215805,0.045671832540337035
2025-11-26 08:00:00+00:00,0.20938329416212575,0.5885461555864413,0.09667624999999998,15.0,12.0,6.0,0.0,15.0,0.0,0.298201899916189,0.09779549227906095
2025-11-26 12:00:00+00:00,0.0613042236326267,0.1933779539275169,0.03724707260191437,23.0,11.0,7.0,0.0,15.0,1.0,0.09730975005401932,0.09423369495313946
2025-11-26 16:00:00+00:00,0.022460835964645647,0.08201291708779332,0.03892420410919185,23.0,17.0,8.0,0.0,15.0,0.0,0.04779931905387694,0.10842033293780494
2025-11-26 20:00:00+00:00,-0.0204486104142666,-0.3532990479034185,0.04426124999999998,15.0,8.0,5.0,0.0,15.0,0.0,-0.1098288027725617,0.09240753266350285
2025-11-27 00:00:00+00:00,-0.01071673477444382,0.14234442843824624,-0.017197499999999998,15.0,14.0,4.0,0.0,22.0,1.0,0.03814339788793414,0.10042222410284006
2025-11-27 04:00:00+00:00,0.057426642989317545,0.30899766111850735,0.0764946971619129,6.0,10.0,5.0,0.0,22.0,1.0,0.1476396670899126,0.06871576460874884
2025-11-27 08:00:00+00:00,0.11488740614816997,0.32432841128170486,0.18327156218886376,25.0,13.0,5.0,0.0,22.0,0.0,0.2074957932062462,0.06204243681545359
2025-11-27 12:00:00+00:00,0.07593494064448368,-0.02242634785151483,0.2729661465461254,26.0,20.0,10.0,0.0,22.0,1.0,0.1088249131130314,0.04297838631293329
2025-11-27 16:00:00+00:00,0.05474443944394586,0.1626103978741169,0.4446133274292946,14.0,7.0,5.0,0.0,22.0,0.0,0.2206560549157858,0.04204127428597889
2025-11-27 20:00:00+00:00,-0.19300235283541672,0.18728603536128996,-0.008161778091788299,10.0,3.0,6.0,0.0,22.0,0.0,-0.004626031855305021,0.01126081874311284
2025-11-28 00:00:00+00:00,-0.008981006665229857,0.19547099993069966,0.023864999999999977,4.0,8.0,1.0,0.0,25.0,1.0,0.07011833108848993,0.012899047850118087
2025-11-28 04:00:00+00:00,0.3074277262663841,0.33523851688305534,0.18071975664138787,8.0,7.0,3.0,0.0,25.0,1.0,0.27446199993027576,0.05834825657023636
2025-11-28 08:00:00+00:00,0.0878306732755729,-0.26855208713150025,0.2671749778429667,15.0,8.0,12.0,0.0,25.0,1.0,0.028817854662346442,0.06269168946827285
2025-11-28 12:00:00+00:00,0.18826647469916175,0.05951049406727156,-0.027650364797115273,26.0,12.0,12.0,0.0,25.0,0.0,0.07337553465643934,0.07317441354698595
2025-11-28 16:00:00+00:00,0.005894548177535701,0.22406908570369083,-0.0844249084675312,27.0,9.0,4.0,0.0,25.0,1.0,0.048512908471231776,0.0631686431945648
2025-11-28 20:00:00+00:00,0.29844724527359007,-0.5152697594374418,0.12046124999999996,13.0,8.0,4.0,0.0,25.0,1.0,-0.03212042138795059,0.09798332974165683
2025-11-29 00:00:00+00:00,-0.18117465394496915,0.23534590536952021,0.2284022600197792,8.0,9.0,2.0,0.0,28.0,1.0,0.09419117048144343,0.09967300101172079
2025-11-29 04:00:00+00:00,-0.07075602521300323,0.04256994448304177,0.2127675702691078,12.0,4.0,2.0,0.0,28.0,1.0,0.061527163179715454,0.09084799836203887
2025-11-29 08:00:00+00:00,-0.003983507707993175,-0.07215215371847146,0.0,15.0,6.0,1.0,0.0,28.0,1.0,-0.025378553808821546,0.04636067922284211
2025-11-29 12:00:00+00:00,0.04139119881699482,0.04357121545791623,0.1184011085148652,23.0,2.0,9.0,0.0,28.0,0.0,0.06778784092992542,0.03972646858590239
2025-11-29 16:00:00+00:00,-0.1178501849520206,-0.24989597097158434,-0.1942027338838577,17.0,3.0,4.0,0.0,28.0,1.0,-0.18731629660248753,-0.004004482792837947
2025-11-29 20:00:00+00:00,0.09695069555872016,0.05193959273576734,-0.02519159508387249,18.0,2.0,4.0,0.0,28.0,1.0,0.04123289773687167,0.009003538261616975
2025-11-30 00:00:00+00:00,0.12249022358616189,0.11969249999999998,0.0658425,9.0,2.0,1.0,0.0,28.0,0.0,0.10267507452872064,-0.016133179122301337
2025-11-30 04:00:00+00:00,-0.014509738811651851,0.38574272122383113,0.14556905496835706,11.0,2.0,4.0,0.0,28.0,1.0,0.1722673457935121,0.007676094468172565
2025-11-30 08:00:00+00:00,0.035833708249841445,0.20159275180021918,-0.09222887458086013,13.0,5.0,1.0,0.0,28.0,1.0,0.04839919515640017,0.022903199248578945
2025-11-30 12:00:00+00:00,0.001130266379594751,0.1840787874317169,-0.2551453613948822,14.0,3.0,7.0,0.0,28.0,1.0,-0.023312102527856843,0.023633738403948647
2025-11-30 16:00:00+00:00,-0.11383906064311664,0.19506464093208312,-0.09784926659345627,15.0,1.0,3.0,0.0,28.0,0.0,-0.005541228768163264,0.0014579870525041558
2025-11-30 20:00:00+00:00,0.13207311760375093,-0.19880306641578674,0.07049292537391186,30.0,4.0,7.0,0.0,28.0,0.0,0.001254325520625349,0.037161315989042945
2025-12-01 00:00:00+00:00,0.0682473732276758,0.4602066303733984,-0.005248317286968174,6.0,14.0,6.0,0.0,24.0,0.0,0.17440189543803533,0.03306084137032232
2025-12-01 04:00:00+00:00,-0.02709,0.35260798044109337,0.15670651382088657,2.0,14.0,7.0,0.0,24.0,1.0,0.16074149808732666,0.011692238000870622
2025-12-01 08:00:00+00:00,-0.25747346878254407,-0.2460705067312718,0.0705498438105583,16.0,13.0,7.0,0.0,24.0,0.0,-0.14433137723441916,-0.02301686628068541
2025-12-01 12:00:00+00:00,-0.02732337411675185,0.23028701220936246,0.17278056392252444,22.0,25.0,11.0,0.0,24.0,0.0,0.12524806733837834,-0.032039306618770164
2025-12-01 16:00:00+00:00,0.021878154828037552,-0.02215048481623333,0.10222645788192744,26.0,8.0,12.0,0.0,24.0,1.0,0.03398470929791055,-0.02907532255470691
2025-12-01 20:00:00+00:00,0.0025479823719546553,0.1304300761139393,0.07799088570117955,26.0,3.0,7.0,0.0,24.0,1.0,0.07032298139569117,-0.012448602123982437
2025-12-02 00:00:00+00:00,0.30305948633159907,-0.04450767083406449,0.08840478910684585,13.0,10.0,1.0,0.0,23.0,1.0,0.11565220153479348,0.011978021979995868
2025-12-02 04:00:00+00:00,-0.07950004578232762,0.4344181199395656,0.17086265266418457,4.0,9.0,2.0,0.0,23.0,0.0,0.17526024227380751,-0.009128752164290332
2025-12-02 08:00:00+00:00,0.0022803049363162666,0.21983800858155886,0.20492850086927406,20.0,14.0,7.0,0.0,23.0,0.0,0.14234893812904972,-0.00493299431624515
2025-12-02 12:00:00+00:00,-0.007677466453790693,0.408346013586839,0.3522827953275045,23.0,17.0,7.0,0.0,23.0,0.0,0.25098378082018424,0.030752148873576763
2025-12-02 16:00:00+00:00,-0.09532635068760975,0.06603673391151428,0.07098189627885818,25.0,10.0,5.0,0.0,23.0,0.0,0.013897426500920901,0.021037437934882774
2025-12-02 20:00:00+00:00,-0.0126952349188214,0.2557312292730808,-0.031689471219778054,12.0,4.0,5.0,0.0,23.0,1.0,0.07044884104482711,0.01609838225676007
2025-12-03 00:00:00+00:00,-0.19411538386449217,0.12244431369245051,0.14585952122211454,11.0,8.0,4.0,0.0,28.0,1.0,0.024729483683357627,-0.011996384348446623
2025-12-03 04:00:00+00:00,-0.21465991288948055,-0.012485831735730188,-0.20473837525288263,10.0,11.0,5.0,0.0,28.0,0.0,-0.1439613732926978,-0.08595629852288657
2025-12-03 08:00:00+00:00,-0.05580641322445868,0.16807914885103703,0.2790663245820999,8.0,9.0,3.0,0.0,28.0,0.0,0.13044635340289276,-0.08257149387176244
2025-12-03 12:00:00+00:00,0.050031998979091594,0.048551110525627994,0.07772857820272447,25.0,15.0,9.0,0.0,28.0,0.0,0.05877056256914801,-0.0757498232942231
2025-12-03 16:00:00+00:00,0.03228642970770592,0.4122818894159793,0.07376242434899011,27.0,5.0,8.0,0.0,28.0,0.0,0.1727769144908918,-0.07004069527115216
2025-12-03 20:00:00+00:00,0.19089102449095244,0.29083755712338855,0.3740968946142593,14.0,11.0,13.0,0.0,28.0,0.0,0.28527515874286674,-0.029152498817071847
2025-12-04 00:00:00+00:00,0.14185571788688497,-0.33880043233116464,0.2096385597622394,12.0,7.0,7.0,0.0,26.0,0.0,0.00423128177265325,-0.007073791273399506
2025-12-04 04:00:00+00:00,0.30986355595171444,0.018145109466910385,0.030142499999999975,10.0,7.0,1.0,0.0,26.0,0.0,0.11938372180620827,0.06492320012891573
2025-12-04 08:00:00+00:00,0.14089043549676739,0.17039857076128326,-0.1105567697811127,13.0,9.0,3.0,0.0,26.0,1.0,0.06691074549231266,0.11571610704123687
2025-12-04 12:00:00+00:00,0.0817922616451581,-0.09347919310718769,0.2446725755266348,16.0,12.0,14.0,0.0,26.0,0.0,0.0776618813548684,0.13537306059403925
2025-12-04 16:00:00+00:00,0.15252369618494166,-0.08846054737488428,-0.013725754749476876,29.0,6.0,16.0,0.0,26.0,1.0,0.016779131353526835,0.15001473162344642
2025-12-04 20:00:00+00:00,0.23072257334740953,0.044446796352863305,-0.05986794870638845,17.0,7.0,9.0,0.0,26.0,1.0,0.07176714033129479,0.17836275214340408
2025-12-05 00:00:00+00:00,0.04870601353645321,-0.4005664662736654,-0.11549249999999994,9.0,14.0,2.0,0.0,28.0,0.0,-0.1557843175790707,0.15805060772133275
2025-12-05 04:00:00+00:00,-0.45819932176192596,0.4177732018168767,0.16495756818175317,9.0,17.0,4.0,0.0,28.0,0.0,0.04151048274556798,0.07232845920007405
2025-12-05 08:00:00+00:00,-0.005330036491553003,0.07949893895936011,0.0,11.0,8.0,0.0,0.0,28.0,0.0,0.024722967489269037,0.027300803136750127
2025-12-05 12:00:00+00:00,0.24864327927620633,0.14372274368246396,0.2705134697612126,28.0,9.0,10.0,0.0,28.0,0.0,0.22095983090662763,0.04269406653381284
2025-12-05 16:00:00+00:00,0.01774226919569668,-0.24557764073888455,0.13304443822717663,23.0,13.0,11.0,0.0,28.0,0.0,-0.031596977772003744,0.033544067612461204
2025-12-05 20:00:00+00:00,-0.0651211716872851,0.12022177417218682,-0.10073593619346619,13.0,10.0,4.0,0.0,28.0,1.0,-0.01521177790285482,0.0024519436307145243
2025-12-06 00:00:00+00:00,0.13659906658252077,0.08796360249261058,0.24847659972071642,9.0,6.0,4.0,0.0,23.0,0.0,0.1576797562652826,-0.01099427162141244
2025-12-06 04:00:00+00:00,0.3053759304959774,-0.19444958788394925,0.027258749999999974,13.0,4.0,2.0,0.0,23.0,0.0,0.046061697537342704,0.0256728593728053
2025-12-06 08:00:00+00:00,-0.10116586512088777,0.4329262975502014,0.0,12.0,2.0,0.0,0.0,23.0,0.0,0.11058681080977122,0.07667763889295362
2025-12-06 12:00:00+00:00,0.16963956449386616,-0.23235538618087767,-0.13456021062612533,21.0,2.0,3.0,0.0,23.0,0.0,-0.06575867743771228,0.10167329617658492
2025-12-06 16:00:00+00:00,0.2298507215640885,-0.09271377877593048,0.08687624999999997,19.0,5.0,3.0,0.0,23.0,1.0,0.07467106426271934,0.0989886450748538
2025-12-06 20:00:00+00:00,0.15214097878171992,-0.1352376786851883,0.021243496628999728,20.0,2.0,4.0,0.0,23.0,1.0,0.01271559890851045,0.11818846072999999
2025-12-07 00:00:00+00:00,0.19331157484690345,0.2223133033823967,0.12841623643279074,4.0,1.0,3.0,0.0,20.0,0.0,0.18134703822069698,0.15510742452059834
2025-12-07 04:00:00+00:00,0.14680541692256927,0.0,0.0,8.0,0.0,0.0,0.0,20.0,0.0,0.04893513897418975,0.1565654745691767
2025-12-07 08:00:00+00:00,0.233853029408137,0.21884325734853743,0.0,21.0,1.0,0.0,0.0,20.0,1.0,0.1508987622522248,0.1463479172709138
2025-12-07 12:00:00+00:00,0.14457946927572995,0.10542874999999997,0.06941017921408014,41.0,5.0,7.0,0.0,20.0,1.0,0.10647279949660336,0.18145439361328775
2025-12-07 16:00:00+00:00,0.17469232848544908,0.07410771680434547,-0.03444249999999997,14.0,8.0,4.0,0.0,20.0,1.0,0.07145251509659818,0.18217621704065673
2025-12-07 20:00:00+00:00,0.23770600638628,-0.17250279405872024,0.29308150394320487,11.0,7.0,4.0,0.0,20.0,0.0,0.11942823875692155,0.18329840058668406
2025-12-08 00:00:00+00:00,0.1512198433279991,0.21938359306355315,-0.16187726558804513,3.0,13.0,3.0,0.0,20.0,1.0,0.0695753902678357,0.18316680980758113
2025-12-08 04:00:00+00:00,0.37087033612696324,-0.04748934644532202,0.13797979619741438,11.0,11.0,4.0,0.0,20.0,1.0,0.15378692862635188,0.20853234713330396
2025-12-08 08:00:00+00:00,0.387717996028094,0.06892724997472761,0.03305999999999998,24.0,11.0,4.0,0.0,20.0,0.0,0.16323508200094053,0.2429484298626646
2025-12-08 12:00:00+00:00,0.14654917710721485,0.4988698630158901,-0.1081052794162432,17.0,9.0,10.0,0.0,20.0,0.0,0.17910458690228723,0.23047645096253286
2025-12-08 16:00:00+00:00,0.20203953482875367,0.12272410831975936,-0.5691353098475933,26.0,12.0,7.0,0.0,20.0,1.0,-0.08145722223302676,0.23868503175582198
2025-12-08 20:00:00+00:00,0.08535403651754055,0.04179251041471958,-0.08851972750027973,18.0,10.0,7.0,0.0,20.0,0.0,0.0128756064773268,0.22592241861754933
2025-12-09 00:00:00+00:00,0.025221142067114472,0.04103787333647407,0.009033750000000021,11.0,11.0,3.0,0.0,22.0,0.0,0.025097588467862853,0.1955674380005257
2025-12-09 04:00:00+00:00,-0.1373111890165011,-0.15107485349833966,0.18981575537145137,4.0,17.0,8.0,0.0,22.0,1.0,-0.032856762381129806,0.15434871909416853
2025-12-09 08:00:00+00:00,0.11824290226678054,-0.2759244568713506,0.0070912499999999734,13.0,8.0,5.0,0.0,22.0,1.0,-0.05019676820152336,0.11825908568557099
2025-12-09 12:00:00+00:00,0.11571219075123469,-0.04926994376012255,-0.05639850977301598,28.0,17.0,6.0,0.0,22.0,1.0,0.0033479124060320567,0.07940111350316251
2025-12-09 16:00:00+00:00,0.13229476086745653,0.0982776206574837,0.004252278410593682,19.0,16.0,6.0,0.0,22.0,0.0,0.07827488664517797,0.0773647683260542
2025-12-09 20:00:00+00:00,0.07732465951323507,-0.09107364636460938,0.03642847311854362,17.0,13.0,4.0,0.0,22.0,0.0,0.007559828755723104,0.05954835756669439
2025-12-10 00:00:00+00:00,-0.12469014063812432,0.07290692376017573,0.0,14.0,10.0,0.0,0.0,26.0,1.0,-0.017261072292649532,0.029542046544456548
2025-12-10 04:00:00+00:00,-0.009786733027696592,-0.033426528934836414,0.18619947695970535,7.0,9.0,1.0,0.0,26.0,0.0,0.047662071665724115,0.02454092153091211
2025-12-10 08:00:00+00:00,0.12026446990172067,-0.06925426198184487,0.07934479924519855,5.0,12.0,6.0,0.0,26.0,0.0,0.04345166905502479,0.06133744423351522
2025-12-10 12:00:00+00:00,-0.07328505501532555,-0.1821524991622766,0.15755580534664787,28.0,16.0,12.0,0.0,26.0,1.0,-0.0326272496103181,0.03397630747892864
2025-12-10 16:00:00+00:00,0.18898740540066358,-0.3361918562632799,0.17573794678807256,23.0,25.0,9.0,0.0,26.0,0.0,0.009511165308485411,0.04444419528598991
2025-12-10 20:00:00+00:00,-0.18036537908766662,-0.1689121793462807,-0.07359362866520883,20.0,23.0,8.0,0.0,26.0,0.0,-0.1409570623663854,-0.00022153899331340106
2025-12-11 00:00:00+00:00,-0.04237970543424288,0.2783953719792195,0.18166797206163404,11.0,15.0,3.0,0.0,29.0,1.0,0.13922787953553686,-0.017322162557238823
2025-12-11 04:00:00+00:00,0.019447748284339907,0.043665046416401856,0.1360575,12.0,16.0,4.0,0.0,29.0,0.0,0.0663900982335806,0.0032689644316846386
2025-12-11 08:00:00+00:00,-0.015462563055810478,-0.07535490913867951,0.10805999999999998,13.0,9.0,2.0,0.0,29.0,0.0,0.0057475092685033286,0.002458131570525512
2025-12-11 12:00:00+00:00,0.10365685359817076,-0.19929137458426607,0.1768057346707582,24.0,20.0,10.0,0.0,29.0,0.0,0.027057071228220958,8.561495573266733e-05
2025-12-11 16:00:00+00:00,-0.06730509864381774,-0.37221370866910614,0.11494044005990027,26.0,11.0,2.0,0.0,29.0,1.0,-0.1081927890843412,0.0009398944373766395
2025-12-11 20:00:00+00:00,-0.010554848924875286,0.0320317813384533,-0.2461008967477083,10.0,3.0,8.0,0.0,29.0,0.0,-0.07487465477804343,-0.0275661418948432
2025-12-13 00:00:00+00:00,0.10067224090417222,-0.014311445343494433,-0.4270024237684408,15.0,3.0,7.0,0.0,23.0,1.0,-0.11354720940258767,
2025-12-13 04:00:00+00:00,0.18829218907276787,0.020792767777442878,0.007665000000000019,17.0,6.0,2.0,0.0,23.0,1.0,0.07224998561673691,
2025-12-13 08:00:00+00:00,0.1507043462598323,0.15415433062791825,0.14350465052843092,13.0,3.0,3.0,0.0,23.0,0.0,0.1494544424720605,
2025-12-13 12:00:00+00:00,0.1369358652287721,0.09733676414608955,-0.014957522250413906,21.0,5.0,5.0,0.0,23.0,0.0,0.07310503570814925,
2025-12-13 16:00:00+00:00,0.11666943086028095,-0.25425664355278016,-0.10010702685832977,16.0,3.0,4.0,0.0,23.0,0.0,-0.07923141318360966,
2025-12-13 20:00:00+00:00,0.18379409016430376,-0.014054755297899225,0.007807500000000002,13.0,2.0,2.0,0.0,23.0,1.0,0.05918227828880151,
2025-12-14 00:00:00+00:00,0.06576733315944668,0.16985124598979945,0.0357525,10.0,2.0,1.0,0.0,21.0,0.0,0.09045702638308205,0.13469078509279656
2025-12-14 04:00:00+00:00,0.14354851571202276,0.06085208373228705,-0.2768244245219231,7.0,7.0,2.0,0.0,21.0,0.0,-0.024141275025871083,0.14081596720820375
2025-12-14 08:00:00+00:00,0.13817604267299172,-0.17132594541192053,-0.041625,15.0,4.0,1.0,0.0,21.0,1.0,-0.024924967579642937,0.13365651772252146
2025-12-14 12:00:00+00:00,0.15338563610502645,0.12053216637849805,0.05014934381246567,25.0,4.0,5.0,0.0,21.0,0.0,0.10802238209866338,0.13403955912897775
2025-12-14 16:00:00+00:00,0.1372065867786634,0.13069325744152066,0.018678749999999997,23.0,3.0,3.0,0.0,21.0,0.0,0.0955261980733947,0.13407823363610508
2025-12-14 20:00:00+00:00,0.02605205559388795,-0.03751404689550401,-0.046550809745788575,16.0,6.0,2.0,0.0,21.0,1.0,-0.019337600349134877,0.12113289431233466
2025-12-15 00:00:00+00:00,0.03437380811413128,-0.1686141221270561,0.3938636033248901,10.0,8.0,3.0,0.0,16.0,1.0,0.08654109643732177,0.09978713973373861
2025-12-15 04:00:00+00:00,0.21429430541992184,0.11640121408144637,0.2615826292538643,8.0,13.0,2.0,0.0,16.0,1.0,0.19742604958507748,0.12100527862809218
2025-12-15 08:00:00+00:00,0.05100080595127738,0.060743113862872095,0.21525845814307526,15.0,8.0,6.0,0.0,16.0,1.0,0.10900079265240825,0.1077841772337
2025-12-15 12:00:00+00:00,0.0810995179570317,0.017274032908737625,-0.2314179145274162,31.0,22.0,11.0,0.0,16.0,0.0,-0.04434812122054896,0.09963038798856284
2025-12-15 16:00:00+00:00,0.02692640588232449,0.06041868535614019,0.06377475560267765,22.0,10.0,6.0,0.0,16.0,0.0,0.05037328228038077,0.081564783671034
2025-12-15 20:00:00+00:00,-0.0977528229983647,-0.0006753636672099245,-0.035976040377616904,11.0,10.0,4.0,0.0,16.0,0.0,-0.04480140901439717,0.04799915370288713
2025-12-16 00:00:00+00:00,0.07081042763344451,-0.17738962058643498,-0.10666714401125907,12.0,10.0,3.0,0.0,11.0,0.0,-0.07108211232141652,0.054393206851395204
2025-12-16 04:00:00+00:00,-0.18704147748772304,0.09475085727393627,0.0557775,10.0,12.0,2.0,0.0,11.0,1.0,-0.012171040071262256,0.02276245176541602
2025-12-16 08:00:00+00:00,-0.023965245471954347,0.08893048681914803,0.03664619478305183,16.0,10.0,8.0,0.0,11.0,0.0,0.033870478710081836,-0.011274626933423437
2025-12-16 12:00:00+00:00,0.17498571316983014,-0.0018671474586214251,0.14806753488302227,25.0,19.0,11.0,0.0,11.0,0.0,0.10706203353141032,0.006437502669226955
2025-12-16 16:00:00+00:00,0.015455043267227325,-0.03017759704089163,0.02853,18.0,11.0,2.0,0.0,11.0,0.0,0.004602482075445231,-0.0029402794293165247
2025-12-16 20:00:00+00:00,-0.08017143768370151,-0.2328277128908634,-0.2769795160937309,16.0,8.0,7.0,0.0,11.0,0.0,-0.1966595555560986,-0.01823997136732024
2025-12-17 00:00:00+00:00,-0.11615829965591434,0.056570685103734364,0.02853,7.0,10.0,1.0,0.0,16.0,0.0,-0.010352538184059993,-0.020869325175541614
2025-12-17 04:00:00+00:00,0.09168512109577658,0.1863483671265443,0.025256249999999997,12.0,15.0,3.0,0.0,16.0,0.0,0.10109657940744028,-0.01788722610949418
2025-12-17 08:00:00+00:00,0.15030742198119557,-0.25928733597177545,-0.10240391926288603,14.0,17.0,3.0,0.0,16.0,1.0,-0.07046127775115531,0.030305473814637048
2025-12-17 12:00:00+00:00,0.17625221765361507,-0.09992746905545392,-0.07765458771506946,30.0,19.0,12.0,0.0,16.0,0.0,-0.00044327970563610525,0.05890796854686125
2025-12-17 16:00:00+00:00,-0.019342882863907652,-0.3317855353622436,0.012914999999999975,21.0,14.0,4.0,0.0,16.0,0.0,-0.11273780607538376,0.031146740542041567
2025-12-17 20:00:00+00:00,0.005147043663819597,0.16187849824275288,-0.0009824811649322557,12.0,11.0,4.0,0.0,16.0,0.0,0.05534768691388007,0.02967416917012618
2025-12-18 00:00:00+00:00,-0.14616690741221108,0.05213634576141829,-0.0975962895131111,4.0,9.0,4.0,0.0,17.0,1.0,-0.06387561705463463,0.020246244923196238
2025-12-18 04:00:00+00:00,0.17101236536733308,0.12193518902897833,-0.2093415330648422,11.0,12.0,1.0,0.0,17.0,1.0,0.027868673777156405,0.061270625640803024
2025-12-18 08:00:00+00:00,-0.062169704121947306,-0.0963808456746737,0.03291375,16.0,9.0,2.0,0.0,17.0,0.0,-0.04187893326554034,0.03929136489541389
2025-12-18 12:00:00+00:00,0.3962233533900805,-0.0021339859437279826,0.05118892933557712,21.0,24.0,21.0,0.0,17.0,0.0,0.14842609892730987,0.0744222122395403
2025-12-18 16:00:00+00:00,0.20943525511886674,0.32628623540115353,0.02937708867907523,21.0,12.0,6.0,0.0,17.0,1.0,0.18836619306636515,0.07916264616314769
2025-12-18 20:00:00+00:00,-0.0933864069264701,0.44721794423294065,-0.014497500000000002,21.0,9.0,2.0,0.0,17.0,1.0,0.11311134576882352,0.06858499986849592
2025-12-19 00:00:00+00:00,-0.019421530894756303,-0.20894175666968026,0.1815161581671238,13.0,7.0,6.0,0.0,16.0,0.0,-0.01561570979910426,0.06507520350298508
2025-12-19 04:00:00+00:00,0.009263484480040423,0.12037016402363776,0.19619912520408628,9.0,19.0,1.0,0.0,16.0,0.0,0.10861092456925481,0.08727954520187815
2025-12-19 08:00:00+00:00,0.09877763950999575,0.2080715529521306,0.08460249999999997,15.0,10.0,5.0,0.0,16.0,0.0,0.13048389748737543,0.07696029865082996
2025-12-19 12:00:00+00:00,0.20451458993881938,0.12483630098203818,0.03575662752185545,22.0,13.0,12.0,0.0,16.0,0.0,0.121702506147571,0.11505805494522521
2025-12-19 16:00:00+00:00,0.10435539041236372,0.09582285221403836,0.09919394367913402,28.0,13.0,10.0,0.0,16.0,1.0,0.09979072876851203,0.07336263166269422
2025-12-19 20:00:00+00:00,0.08523541746139525,0.14723341289401054,-0.08153214134772617,9.0,7.0,7.0,0.0,16.0,0.0,0.05031222966922653,0.055619797711626874
2025-12-20 00:00:00+00:00,0.3234664854836463,0.30179026110410684,-0.07264829666217167,16.0,3.0,4.0,0.0,20.0,1.0,0.18420281664186053,0.11517021091307209
2025-12-20 04:00:00+00:00,-0.19679370993781087,0.15619535433848697,0.0,9.0,5.0,1.0,0.0,20.0,1.0,-0.013532785199774633,0.0898313281926357
2025-12-20 08:00:00+00:00,0.08120932402115771,0.3291214055931568,-0.03027054997491832,15.0,7.0,6.0,0.0,20.0,0.0,0.1266867265464654,0.10010930526993818
2025-12-20 12:00:00+00:00,0.06393122787330831,0.32804987643678973,-0.01606322918415072,23.0,6.0,10.0,0.0,20.0,0.0,0.12530595837531577,0.0951312464646971
2025-12-20 16:00:00+00:00,0.053448506730039896,0.38019449069499966,0.025726081038713475,20.0,3.0,5.0,0.0,20.0,1.0,0.15312302615458434,0.07355037743487147
2025-12-20 20:00:00+00:00,0.058519182491643104,-0.08690854893326758,-0.2724550940811634,16.0,2.0,4.0,0.0,20.0,0.0,-0.1002814868409293,0.06700234773191138
2025-12-21 00:00:00+00:00,-0.10436282488611011,0.0,0.029908075412114488,8.0,0.0,4.0,0.0,20.0,1.0,-0.024818249824665208,0.03991688453941061
2025-12-21 04:00:00+00:00,-0.042203297863006625,0.36471035773515703,0.09701999999999997,8.0,4.0,2.0,0.0,20.0,1.0,0.1398423532907168,-0.012321655938682662
2025-12-21 08:00:00+00:00,-0.0033566012660662184,0.3284686823296547,0.11366641251564025,10.0,5.0,1.0,0.0,20.0,1.0,0.1462594978597429,0.015312216728709431
2025-12-21 12:00:00+00:00,0.15028588459068537,0.05973,-0.1561673365855217,26.0,2.0,5.0,0.0,20.0,0.0,0.017949516001721223,0.025180296810070526
2025-12-21 16:00:00+00:00,0.00785679904898005,-0.02658050523519516,0.0,20.0,3.0,1.0,0.0,20.0,0.0,-0.006241235395405036,0.017169664120880775
2025-12-21 20:00:00+00:00,0.09530621150865726,-0.012818611791133888,-0.021947675492763524,24.0,3.0,7.0,0.0,20.0,1.0,0.020179974741586615,0.023149336232111826
2025-12-22 00:00:00+00:00,-0.04858830447912217,0.3815121617605288,0.042449999999999974,4.0,10.0,5.0,0.0,25.0,1.0,0.1251246190938022,0.007848266664859644
2025-12-22 04:00:00+00:00,0.058612748466332784,0.1349816220676899,0.2945868657755851,9.0,8.0,3.0,0.0,25.0,1.0,0.16272707876986928,0.031130491429494343
2025-12-22 08:00:00+00:00,0.23268248911251618,0.15834203193902963,-0.16963787150144577,24.0,13.0,3.0,0.0,25.0,1.0,0.07379554985003335,0.07039988956885475
2025-12-22 12:00:00+00:00,0.25098922840600923,0.41907043860524884,-0.14676002193391322,16.0,16.0,10.0,0.0,25.0,0.0,0.1744332150257816,0.10673500809343696
2025-12-22 16:00:00+00:00,0.0855931710526943,-0.07538426471114155,0.13324163471349074,26.0,5.0,14.0,0.0,25.0,1.0,0.047816847018347826,0.09749319187372395
2025-12-22 20:00:00+00:00,-0.12335670905073486,-0.009947013113498675,0.021487499999999972,14.0,3.0,7.0,0.0,25.0,1.0,-0.037272074054744524,0.07874840500233608
2025-12-23 00:00:00+00:00,0.0004070101865132486,0.3677040528329213,0.0563175,10.0,8.0,8.0,0.0,24.0,0.0,0.14147618767314485,0.06519137624202981
2025-12-23 04:00:00+00:00,0.1199075145526727,0.24632251153389612,-0.15487570804476736,10.0,8.0,4.0,0.0,24.0,0.0,0.07045143934726716,0.08926220753228621
2025-12-23 08:00:00+00:00,-0.024863399771820952,0.1963414707636833,0.07278875,16.0,8.0,7.0,0.0,24.0,1.0,0.08142227366395412,0.07733704349826424
2025-12-23 12:00:00+00:00,0.07267586318592226,0.12024396207580965,-0.01894895656148595,25.0,19.0,12.0,0.0,24.0,1.0,0.05799028956674865,0.05447895408017941
2025-12-23 16:00:00+00:00,0.049148551270981625,-0.19054163255929943,-0.30134480302627875,21.0,8.0,14.0,0.0,24.0,1.0,-0.14757929477153217,0.025644571632318324
2025-12-23 20:00:00+00:00,0.09313834487946826,-0.05480702794432645,-0.2873918115723133,14.0,6.0,10.0,0.0,24.0,1.0,-0.08302016487905717,0.02672245360757175
2025-12-24 00:00:00+00:00,0.0656274427161217,0.44218324206769466,0.06601732046842575,12.0,5.0,4.0,0.0,24.0,0.0,0.1912760017507474,0.053720189574265546
2025-12-24 04:00:00+00:00,-0.18958628773331634,0.007020540352066368,0.07163249999999997,7.0,10.0,1.0,0.0,24.0,0.0,-0.036977749127083334,0.026578289871432743
2025-12-24 08:00:00+00:00,0.21349663682161435,-0.004766875193119049,0.0681825,22.0,5.0,1.0,0.0,24.0,0.0,0.09230408720949844,0.039948164481281544
2025-12-24 12:00:00+00:00,0.24208015707055722,0.2707630546841224,-0.0635411078464985,28.0,14.0,6.0,0.0,24.0,1.0,0.14976736796939372,0.07808295831590699
2025-12-24 16:00:00+00:00,0.03633463892400265,-0.09472603195969262,0.1627521494932969,17.0,9.0,9.0,0.0,24.0,1.0,0.03478691881920231,0.07289135484991849
2025-12-24 20:00:00+00:00,-0.2542458396511078,0.11176171780228612,0.023636249999999977,12.0,4.0,4.0,0.0,24.0,0.0,-0.039615957282940574,0.029549299003905707
2025-12-25 00:00:00+00:00,0.06014234733372925,0.12578015916466712,0.06292932479302087,12.0,6.0,4.0,0.0,23.0,1.0,0.08295061043047242,0.024835585068800133
2025-12-25 04:00:00+00:00,-0.148795740661025,0.4359514881289005,0.047452499999999995,11.0,4.0,2.0,0.0,23.0,0.0,0.11153608248929185,-0.005796298270792247
2025-12-25 08:00:00+00:00,0.2642613546777963,0.2121518418518702,-0.0802990636897087,22.0,5.0,4.0,0.0,23.0,0.0,0.13203804427998594,0.05903907921650956
2025-12-25 12:00:00+00:00,0.0369658813786507,-0.14848549367938724,-0.0170381023198366,17.0,12.0,7.0,0.0,23.0,0.0,-0.042852571540191044,0.03382039986751475
2025-12-25 16:00:00+00:00,0.2375716834362347,-0.1712759935760498,0.01874625,20.0,2.0,2.0,0.0,23.0,0.0,0.028347313286728293,0.03317633220546868
2025-12-25 20:00:00+00:00,0.194407996037056,0.3646026566123962,0.2283625590072075,16.0,3.0,10.0,0.0,23.0,0.0,0.2624577372188866,0.0557582403644763
2025-12-26 00:00:00+00:00,0.36082260501265523,0.24533359046459197,0.07393732279459636,9.0,4.0,4.0,0.0,20.0,1.0,0.22669783942394783,0.14362516103072817
2025-12-26 04:00:00+00:00,0.20013554758919608,0.48613364957650496,0.09645,5.0,4.0,1.0,0.0,20.0,1.0,0.26090639905523366,0.16362418963865197
2025-12-26 08:00:00+00:00,0.08440902942045525,0.27430552217245097,0.039982500000000004,18.0,5.0,3.0,0.0,20.0,1.0,0.13289901719763542,0.19693915679314916
2025-12-26 12:00:00+00:00,0.17831980689138166,-0.21686953165411949,0.23071578736543655,26.0,7.0,6.0,0.0,20.0,1.0,0.06405535420089957,0.18466179282366135
2025-12-26 16:00:00+00:00,0.2552380948472022,0.08828029985189437,-0.4022215282710393,23.0,6.0,8.0,0.0,20.0,1.0,-0.01956771119064756,0.21584353760488303
2025-12-26 20:00:00+00:00,0.25518458716392517,0.05062618253469467,-0.14265648623287674,11.0,7.0,7.0,0.0,20.0,0.0,0.05438476115524771,0.2183596667088388
2025-12-27 00:00:00+00:00,-0.018080696216469683,-0.42225721970200536,-0.017459999999999996,20.0,5.0,5.0,0.0,23.0,1.0,-0.15259930530615834,0.1880041392440494
2025-12-27 04:00:00+00:00,0.23128733674426866,0.05708704486250875,-0.1686506483054161,19.0,2.0,1.0,0.0,23.0,0.0,0.039907911100453775,0.1694991009199942
2025-12-27 08:00:00+00:00,0.06902249301989873,0.08129748165369033,-0.0694478364241123,11.0,1.0,4.0,0.0,23.0,0.0,0.026957379416492247,0.1507686645529517
2025-12-27 12:00:00+00:00,0.15435611057967602,-0.10301196644663813,-0.11271662275433537,27.0,4.0,6.0,0.0,23.0,0.0,-0.020457492873765828,0.16076110471855465
2025-12-27 16:00:00+00:00,-0.09614555699268981,0.09851249999999998,-0.10123860638856888,10.0,3.0,4.0,0.0,23.0,0.0,-0.03295722112708624,0.12155176702083018
2025-12-27 20:00:00+00:00,-0.01195128043790658,-0.2294373143339157,-0.1482258942401409,10.0,1.0,4.0,0.0,23.0,0.0,-0.12987149633732106,0.08338185626581462
2025-12-28 00:00:00+00:00,0.041275320366621,-0.11001580010652545,-0.026332499999999974,11.0,5.0,3.0,0.0,24.0,0.0,-0.031690993246634803,0.05282338958048546
2025-12-28 04:00:00+00:00,0.11139271043419835,0.5137188486814498,0.038089064103364906,13.0,5.0,4.0,0.0,24.0,1.0,0.22106687440633768,0.07131959053058089
2025-12-28 08:00:00+00:00,0.28619284975767134,0.15053109897196293,-0.15860616092681884,8.0,3.0,2.0,0.0,24.0,0.0,0.09270592926760514,0.07916323524678127
2025-12-28 12:00:00+00:00,0.11558440497020878,-0.20721837850054103,-0.25494359298706054,21.0,6.0,7.0,0.0,24.0,0.0,-0.1155258555057976,0.08581493695396844
2025-12-28 16:00:00+00:00,0.17983431331049063,0.20460257323265074,0.20740999684810635,23.0,1.0,6.0,0.0,24.0,1.0,0.19728229446374923,0.08945468020122767
2025-12-28 20:00:00+00:00,0.21590611134004586,-0.10068911367416383,0.04243999999999995,16.0,3.0,4.0,0.0,24.0,1.0,0.05255233255529399,0.13403348996304704
2025-12-29 00:00:00+00:00,0.3141906492304802,0.20286443903009097,-0.0096,4.0,6.0,1.0,0.0,24.0,1.0,0.169151696086857,0.18062519420138803
2025-12-29 04:00:00+00:00,-0.048723167639970776,-0.037199195292592135,0.053122499999999975,14.0,12.0,3.0,0.0,24.0,0.0,-0.010933287644187648,0.16776826734330347
2025-12-29 08:00:00+00:00,0.055530237599611273,-0.015507153989076594,0.028634999999999976,10.0,14.0,1.0,0.0,24.0,0.0,0.02288602787017822,0.1597879140812196
2025-12-29 12:00:00+00:00,-0.11144277536378586,0.18998916387756665,-0.016257216315746302,27.0,8.0,11.0,0.0,24.0,0.0,0.02076305739934483,0.10298282477815428
2025-12-29 16:00:00+00:00,-0.09023124745146435,0.1932976244837045,0.07267339409470555,20.0,13.0,8.0,0.0,24.0,0.0,0.0585799237089819,0.07358058871791526
2025-12-29 20:00:00+00:00,0.08664276403968671,0.11087866743803025,0.066825,18.0,3.0,1.0,0.0,24.0,1.0,0.088115477159239,0.06026751025065756
2025-12-30 00:00:00+00:00,-0.0883301088241736,-0.008624987720251078,0.09447750000000002,9.0,6.0,4.0,0.0,23.0,0.0,-0.0008258655148082189,0.016805193084340496
2025-12-30 04:00:00+00:00,-0.2305528270654678,0.08966258241375286,-0.06440330289602281,7.0,9.0,3.0,0.0,23.0,1.0,-0.06843118251591258,-0.061015303529366356
2025-12-30 08:00:00+00:00,0.13129894171631332,0.14504265145540235,0.14150156163334848,13.0,2.0,4.0,0.0,23.0,1.0,0.13928105160168805,-0.03529785933561149
2025-12-30 12:00:00+00:00,-0.06905710563074971,0.1276196360830466,0.03818231115261715,23.0,9.0,10.0,0.0,23.0,0.0,0.03224828053497135,-0.05309605122566306
2025-12-30 16:00:00+00:00,-0.0679507114761255,0.05835010262548922,-0.1944499886759122,32.0,8.0,7.0,0.0,23.0,0.0,-0.06801686584218282,-0.04688289924171157
2025-12-30 20:00:00+00:00,0.06507378911972045,0.20373484944939613,0.18824557941913597,11.0,5.0,4.0,0.0,23.0,0.0,0.15235140599608418,-0.024696465445828035
2025-12-31 00:00:00+00:00,0.15218554983456928,0.07834400470733642,-0.20164617427349088,7.0,17.0,6.0,0.0,21.0,0.0,0.009627793422804945,-0.015333210332273377
2025-12-31 04:00:00+00:00,-0.3194730308640003,0.4620770138378143,0.10019249999999998,5.0,9.0,2.0,0.0,21.0,1.0,0.08093216099127132,-0.04835362776653434
2025-12-31 08:00:00+00:00,0.08912484889535673,0.3644925947405894,-0.26808855486392974,18.0,12.0,3.0,0.0,21.0,0.0,0.061842962924005464,-0.002685388343559404
2025-12-31 12:00:00+00:00,0.08662819105172159,0.10101308206498621,0.19251050290958083,22.0,11.0,12.0,0.0,21.0,0.0,0.12671725867542954,-0.00906692415278679
2025-12-31 16:00:00+00:00,0.13960709757622075,-0.1944436953677734,0.08548024999999998,25.0,9.0,10.0,0.0,21.0,1.0,0.010214550736149111,0.02074224773392327
2025-12-31 20:00:00+00:00,0.08639342635515752,0.12241958996593953,0.030393816646337477,17.0,10.0,3.0,0.0,21.0,1.0,0.07973561098914485,0.04279141028124942
2026-01-01 00:00:00+00:00,-0.0405242074435098,0.3582838198661804,-0.08191453370889022,13.0,3.0,6.0,0.0,20.0,0.0,0.07861502623792678,0.027705982200787953
2026-01-01 04:00:00+00:00,0.19165431568384173,0.025128052253723124,0.10705499999999998,10.0,4.0,2.0,0.0,20.0,1.0,0.10794578931252159,0.03334437732211259
2026-01-01 08:00:00+00:00,0.20618003977378205,0.19525185925722122,0.016905,13.0,4.0,2.0,0.0,20.0,0.0,0.13944563301033444,0.10843767312751007
2026-01-01 12:00:00+00:00,0.13609297410345078,-0.11105424296100935,0.03701499999999998,20.0,9.0,6.0,0.0,20.0,0.0,0.02068457704748047,0.11514740530009493
2026-01-01 16:00:00+00:00,0.07854643764988575,-0.05593721974968908,0.0,21.0,3.0,1.0,0.0,20.0,0.0,0.007536405966732225,0.11399286909983267
2026-01-01 20:00:00+00:00,0.16480797230944746,0.2602926145005226,-0.0096,16.0,2.0,1.0,0.0,20.0,0.0,0.13850019560332336,0.1175929940617222
2026-01-02 00:00:00+00:00,0.04135835252563158,0.28920892647107443,-0.23274521695017814,9.0,8.0,6.0,0.0,28.0,0.0,0.03260735401550929,0.11115941208607563
2026-01-02 04:00:00+00:00,0.07412265339612956,0.3969210877370834,0.0,7.0,11.0,0.0,0.0,28.0,1.0,0.15701458037773766,0.12753753506316698
2026-01-02 08:00:00+00:00,0.13460624745821953,0.5779824823490778,-0.2964312133210897,10.0,6.0,7.0,0.0,28.0,0.0,0.1387191721620692,0.11938781103093522
2026-01-02 12:00:00+00:00,0.16998153618535303,-0.00012389959971113168,0.043142485294342024,29.0,5.0,5.0,0.0,28.0,1.0,0.0710000406266613,0.11421659623258824
2026-01-02 16:00:00+00:00,0.13876985920468957,-0.2073138931941986,-0.05502863070368763,27.0,9.0,10.0,0.0,28.0,0.0,-0.04119088823106556,0.11459900838990807
2026-01-02 20:00:00+00:00,0.11407469104528423,-0.09934039410940805,0.15069374999999996,10.0,8.0,4.0,0.0,28.0,1.0,0.055142682311958714,0.11967447316067926
2026-01-03 00:00:00+00:00,0.35670217902859047,0.25778927350521086,-0.1042125,9.0,3.0,5.0,0.0,29.0,0.0,0.17009298417793375,0.14708793126341396
2026-01-03 04:00:00+00:00,-0.11607187001967434,0.2869497352647782,0.19836749999999997,11.0,4.0,3.0,0.0,29.0,1.0,0.1230817884150346,0.12459789947122742
2026-01-03 08:00:00+00:00,-0.29996853869815665,-0.0920626916086674,-0.18255046752691267,20.0,2.0,1.0,0.0,29.0,1.0,-0.1915272326112456,0.0711563006006151
2026-01-03 12:00:00+00:00,0.08872209232250847,-0.0387596162188053,-0.09732265777309729,17.0,3.0,13.0,0.0,29.0,1.0,-0.01578672722313137,0.06460142129551352
2026-01-03 16:00:00+00:00,0.2409853894756379,-0.12841446908950804,0.0468675,28.0,2.0,1.0,0.0,29.0,1.0,0.05314614012870996,0.07474482890841136
2026-01-03 20:00:00+00:00,0.0163665050538778,-0.05045344272255897,-0.08706718624830245,14.0,2.0,2.0,0.0,29.0,1.0,-0.04038470797232788,0.0572586354582954
2026-01-04 00:00:00+00:00,0.1431166527629693,-0.1252651106929779,-0.052664999999999976,12.0,1.0,6.0,0.0,25.0,1.0,-0.011604485976669526,0.06140748713225041
2026-01-04 04:00:00+00:00,0.15534866995859148,-0.13332276901960372,0.058173749999999975,12.0,1.0,5.0,0.0,25.0,0.0,0.026733216979662577,0.032642700122250554
2026-01-04 08:00:00+00:00,0.17246207409441466,-0.027029686886270818,0.03073069885134698,16.0,7.0,3.0,0.0,25.0,0.0,0.058721028686496944,0.07386183499569185
2026-01-04 12:00:00+00:00,0.17206626842371617,0.43273978264451024,0.013191038662195176,13.0,5.0,5.0,0.0,25.0,1.0,0.20599902991014052,0.1412953788702451
2026-01-04 16:00:00+00:00,0.2672725798093931,0.1692980054116249,-0.19080438458919524,23.0,1.0,2.0,0.0,25.0,1.0,0.08192206687727425,0.16680259136837147
2026-01-04 20:00:00+00:00,0.19469591556949273,0.18992033898353575,-0.013647321428571425,21.0,2.0,9.0,0.0,25.0,1.0,0.12365631104148568,0.1601898093817793
2026-01-05 00:00:00+00:00,0.14063218396902083,0.35823400317788123,0.15492818888545037,5.0,4.0,4.0,0.0,26.0,0.0,0.2179314586774508,0.17794204922679974
2026-01-05 04:00:00+00:00,0.5313930104362964,0.077387306984663,-0.04630811080515385,9.0,5.0,3.0,0.0,26.0,0.0,0.18749073553860185,0.2334101003229893
2026-01-05 08:00:00+00:00,0.0170435565051816,0.08533002683210372,0.0702469235348701,38.0,13.0,7.0,0.0,26.0,0.0,0.05754016895738514,0.21365222697250216
2026-01-05 12:00:00+00:00,0.09801397879068055,0.394326126255989,-0.0297769578120112,18.0,7.0,12.0,0.0,26.0,0.0,0.15418771574488613,0.20301678478625446
2026-01-05 16:00:00+00:00,0.16663641561301543,0.12235343351602553,-0.09043671900153163,16.0,4.0,12.0,0.0,26.0,0.0,0.06618437670916978,0.20224109152758293
2026-01-05 20:00:00+00:00,0.07410106537938115,0.5292533137524127,0.2598444929927587,14.0,4.0,7.0,0.0,26.0,0.0,0.28773295737485083,0.1746451608947241
2026-01-06 00:00:00+00:00,0.2790721057049433,-0.03820092409133906,0.029159582812150323,11.0,12.0,20.0,0.0,44.0,0.0,0.09001025480858484,0.18669890234264558
2026-01-06 04:00:00+00:00,0.3177807624626159,-0.051800708243846916,0.11162800628821051,8.0,8.0,4.0,0.0,44.0,0.0,0.1258693535023265,0.2120058421274449
2026-01-06 08:00:00+00:00,0.09499124183162053,0.7834755749976634,-0.026720755239725127,15.0,6.0,7.0,0.0,44.0,1.0,0.2839153538631863,0.1496627323267769
2026-01-06 12:00:00+00:00,0.1352735820847749,0.3478261199156444,-0.05773094077408315,23.0,6.0,10.0,0.0,44.0,0.0,0.1417895870754454,0.16655273598100448
2026-01-06 16:00:00+00:00,-0.08559582627319152,0.041201249999999925,0.03182325286944708,26.0,4.0,14.0,0.0,44.0,1.0,-0.004190441134581506,0.14032276382902276
2026-01-06 20:00:00+00:00,0.019692438586235025,-0.004754524774154029,0.0824117641059557,13.0,6.0,7.0,0.0,44.0,0.0,0.032449892639345564,0.11933076711091128
2026-01-07 00:00:00+00:00,0.1987534160185995,0.12212672975381213,-0.09415031344890593,13.0,9.0,4.0,0.0,42.0,0.0,0.07557661077450191,0.13713824577365677
2026-01-07 04:00:00+00:00,-0.01802215689250403,0.0512636997698148,-0.24596151775002476,10.0,8.0,4.0,0.0,42.0,0.0,-0.07090665829090466,0.09469620825973572
2026-01-07 08:00:00+00:00,0.0035242729411522344,0.22525104749703406,0.042045,16.0,12.0,1.0,0.0,42.0,0.0,0.09027344014606209,0.049802424042383775
2026-01-07 12:00:00+00:00,0.13350614436041736,0.14395792860448356,0.15030593932962413,34.0,8.0,18.0,0.0,42.0,0.0,0.14259000409817502,0.05530455297506903
2026-01-07 16:00:00+00:00,-0.1090021842386987,0.10952967825651166,-0.05018936444203059,18.0,7.0,9.0,0.0,42.0,0.0,-0.016553956808072545,0.020408014928858523
2026-01-07 20:00:00+00:00,0.09896126968526837,0.03609771231571832,-0.0741216036081314,16.0,5.0,6.0,0.0,42.0,0.0,0.0203124594642851,0.04677331435149564
2026-01-08 00:00:00+00:00,0.1875592328572273,-0.07836551761031153,0.0,10.0,5.0,0.0,0.0,28.0,1.0,0.03639790508230526,0.0707542849616374
2026-01-08 04:00:00+00:00,0.26643296611964695,0.2327731232376893,0.0,12.0,10.0,0.0,0.0,28.0,0.0,0.16640202978577875,0.0804227921189299
2026-01-08 08:00:00+00:00,0.1495740513809522,0.13822981196920076,-0.0114825,20.0,9.0,1.0,0.0,28.0,0.0,0.09210712111671765,0.1043651075865665
2026-01-08 12:00:00+00:00,-0.09893418586480612,0.26018254921515777,0.036023311560153946,22.0,9.0,5.0,0.0,28.0,0.0,0.06575722497016853,0.08972818490000102
2026-01-08 16:00:00+00:00,0.27633465706111415,0.05253162680923935,0.0,21.0,10.0,0.0,0.0,28.0,1.0,0.10962209462345117,0.1101322581429577
2026-01-08 20:00:00+00:00,-0.13416165039241307,0.004786928845643995,-0.2317055865097046,11.0,6.0,1.0,0.0,28.0,1.0,-0.12036010268549123,0.10653804869242708
2026-01-09 00:00:00+00:00,-0.041319088609218575,-0.08164981352309383,-0.12487748027563092,11.0,10.0,1.0,0.0,27.0,0.0,-0.08261546080264777,0.08649799750750035
2026-01-09 04:00:00+00:00,0.11164673030217487,-0.058297741875648484,0.0,12.0,12.0,0.0,0.0,27.0,0.0,0.01778299614217546,0.07565335428535003
2026-01-09 08:00:00+00:00,0.3184499780448277,0.23504360248009362,-0.2360255559301376,13.0,6.0,3.0,0.0,27.0,0.0,0.10582267486492791,0.08308435598894727
2026-01-09 12:00:00+00:00,-0.22110066263854503,0.1052162488377094,-0.1822282174050808,15.0,9.0,3.0,0.0,27.0,1.0,-0.0993708770686388,0.03013082541473339
2026-01-09 16:00:00+00:00,0.1106863953684965,-0.011028557408650747,-0.21337842749595642,25.0,8.0,1.0,0.0,27.0,0.0,-0.03790686317870356,0.06007662273377662
2026-01-09 20:00:00+00:00,0.1414975262110573,-0.1865066487121582,-0.22138734458208081,24.0,1.0,1.0,0.0,27.0,0.0,-0.08879882236106057,0.04081417546948279
2026-01-10 00:00:00+00:00,-0.0033871453744714827,-0.2117025091131528,-0.15480840172052385,16.0,3.0,2.0,0.0,25.0,0.0,-0.12329935206938271,0.05949624761490301
2026-01-10 04:00:00+00:00,0.15239629713018735,0.1765223107481003,0.0,12.0,7.0,0.0,0.0,25.0,1.0,0.10963953595942921,0.08716987414910385
2026-01-10 08:00:00+00:00,0.23827715583725761,-0.18426592737317082,0.14174475512504575,15.0,2.0,1.0,0.0,25.0,1.0,0.06525199452971085,0.10525993493982996
2026-01-10 12:00:00+00:00,0.24211856005106652,-0.1262072962141037,0.20465570284128187,18.0,3.0,3.0,0.0,25.0,1.0,0.1068556555594149,0.09435544665500693
2026-01-10 16:00:00+00:00,0.14154770013570775,0.3770112538178762,0.0,17.0,2.0,0.0,0.0,25.0,0.0,0.17285298465119467,0.14616235562275734
2026-01-10 20:00:00+00:00,0.06693816331243513,0.03930563047647475,0.0,17.0,2.0,0.0,0.0,25.0,1.0,0.03541459792963663,0.13991260818617715
2026-01-11 00:00:00+00:00,0.24269779340410233,0.06780574719071387,0.0,14.0,2.0,0.0,0.0,29.0,1.0,0.10350118019827208,0.154369789213755
2026-01-11 04:00:00+00:00,0.1835501912826299,0.43836463981787366,0.0,12.0,4.0,0.0,0.0,29.0,1.0,0.20730494370016786,0.18107512302191234
2026-01-11 08:00:00+00:00,0.18424687499999992,-0.20026989540576934,0.0,8.0,3.0,0.0,0.0,29.0,1.0,-0.005341006801923139,0.1856252055747427
2026-01-11 12:00:00+00:00,0.27332002642366615,-0.1851895127081871,0.17716989639520644,17.0,3.0,1.0,0.0,29.0,1.0,0.08843347003689517,0.19063132994422965
2026-01-11 16:00:00+00:00,0.07025819398144881,0.15903453714847565,0.0,18.0,2.0,0.0,0.0,29.0,1.0,0.07643091037664149,0.16607984907714138
2026-01-11 20:00:00+00:00,0.094809489348403,0.2684161457562446,0.0,26.0,4.0,0.0,0.0,29.0,0.0,0.12107521170154921,0.15940296182181216
2026-01-12 00:00:00+00:00,0.00047766600549217775,0.22861998697360353,0.0027409816908836593,9.0,9.0,2.0,0.0,27.0,1.0,0.07727954488999313,0.14990860506367745
2026-01-12 04:00:00+00:00,0.01511367405533795,0.25261142442584034,0.0,6.0,6.0,0.0,0.0,27.0,0.0,0.08924169949372611,0.11739658801385396
2026-01-12 08:00:00+00:00,-0.18965010259151455,0.27702272229870156,0.0,14.0,7.0,0.0,0.0,27.0,1.0,0.02912420656906234,0.0640822603175476
2026-01-12 12:00:00+00:00,-0.07780055263193447,0.06211447933952012,-0.35163612428704893,29.0,9.0,6.0,0.0,27.0,1.0,-0.12244073252648775,0.026646913512985548
2026-01-12 16:00:00+00:00,0.09187800663260615,0.026607954421043398,0.12442071736176807,20.0,6.0,4.0,0.0,27.0,0.0,0.0809688928051392,0.0007266249714055484
2026-01-12 20:00:00+00:00,0.008400510999798709,0.19695781274080276,0.14469922538518903,18.0,8.0,4.0,0.0,27.0,1.0,0.11668584970859684,-0.008110186883115895
2026-01-13 00:00:00+00:00,-0.1352627482873598,0.22825067925651865,-0.20193008482694624,9.0,7.0,1.0,0.0,26.0,1.0,-0.03631405128592913,-0.04097764940251058
2026-01-13 04:00:00+00:00,-0.2618676720714569,-0.29721277066469187,0.0,6.0,4.0,0.0,0.0,26.0,1.0,-0.18636014757871625,-0.07845555484207474
2026-01-13 08:00:00+00:00,-0.18554770092856882,0.7208704111683368,0.1321508142499129,20.0,5.0,6.0,0.0,26.0,1.0,0.22249117482989364,-0.10712146555406142
2026-01-13 12:00:00+00:00,0.22514854408457158,0.011949683999376622,0.2178694918441772,32.0,19.0,4.0,0.0,26.0,0.0,0.15165590664270848,-0.047864516028906255
2026-01-13 16:00:00+00:00,0.0024649951329496454,-0.14793529898524282,-0.09031149984478953,30.0,10.0,5.0,0.0,26.0,1.0,-0.07859393456569423,-0.03639800920535138
2026-01-13 20:00:00+00:00,0.14383133673029283,0.30948404339075086,-0.3981385925507545,12.0,5.0,4.0,0.0,26.0,0.0,0.01839226252342972,-0.028976104905681848
2026-01-14 00:00:00+00:00,0.07630100337862969,-0.4078365136516094,0.0,7.0,6.0,1.0,0.0,48.0,0.0,-0.1105118367576599,-0.019276034565848855
2026-01-14 04:00:00+00:00,0.1283289714729786,0.4848127852475643,0.08808851450443267,8.0,9.0,1.0,0.0,48.0,0.0,0.23374342374165855,0.01837992539991377
2026-01-14 08:00:00+00:00,0.23998657904267312,-0.14255949454307554,0.0,11.0,5.0,0.0,0.0,48.0,1.0,0.0324756948331992,0.09007338984478949
2026-01-14 12:00:00+00:00,0.1835722196727056,0.28474266169627505,-0.28862338682413097,34.0,11.0,2.0,0.0,48.0,1.0,0.059897164848283224,0.14280480707354298
2026-01-14 16:00:00+00:00,0.04960607788607047,0.04952266912817954,-0.49071117846012113,24.0,6.0,4.0,0.0,48.0,1.0,-0.1305274771486237,0.11772731190232853
2026-01-14 20:00:00+00:00,0.5289600798185666,0.09703656095647814,-0.025378039419849726,12.0,9.0,8.0,0.0,48.0,0.0,0.20020620045173168,0.19294089542884524
2026-01-15 00:00:00+00:00,-0.07604013863682746,0.21908793770313262,0.0,5.0,5.0,0.0,0.0,61.0,1.0,0.04768259968876839,0.1615306846621138
2026-01-15 04:00:00+00:00,0.15012554900169367,0.5467376945745944,-0.10634213545322417,5.0,7.0,1.0,0.0,61.0,1.0,0.19684036937435465,0.1720770483225515
2026-01-15 08:00:00+00:00,0.05294523993474467,-0.17140789115375946,-0.08315999999999997,17.0,5.0,1.0,0.0,61.0,1.0,-0.06720755040633825,0.1613079438170895
2026-01-15 12:00:00+00:00,0.12398292554539257,0.02605400619566442,0.2601178382134437,24.0,12.0,4.0,0.0,61.0,1.0,0.13671825665150023,0.14473599331747797
2026-01-15 16:00:00+00:00,0.1986557648706606,-0.04851036568562188,-0.4421222965604067,31.0,7.0,7.0,0.0,61.0,0.0,-0.09732563245845599,0.1468907854886144
2026-01-15 20:00:00+00:00,0.055110600709233924,-0.2327062161827087,-0.2987132140040398,15.0,3.0,4.0,0.0,61.0,1.0,-0.15876960982583818,0.1476771458919235
2026-01-16 00:00:00+00:00,0.12715909055948255,-0.3064188606814543,0.0,6.0,6.0,0.0,0.0,49.0,0.0,-0.05975325670732392,0.09027700456919718
2026-01-16 04:00:00+00:00,-0.1133065974509716,-0.32255648438358303,0.0,6.0,15.0,0.0,0.0,49.0,1.0,-0.14528769394485155,0.08495322473860516
2026-01-16 08:00:00+00:00,0.05146883559602777,-0.00891438978510245,-0.07011638389348984,17.0,14.0,2.0,0.0,49.0,0.0,-0.009187312694188174,0.07085940853779575
2026-01-16 12:00:00+00:00,0.018789640483379326,0.24312670517754548,0.11259001761356992,21.0,9.0,6.0,0.0,49.0,1.0,0.12483545442483157,0.0659800371876007
2026-01-16 16:00:00+00:00,0.2252545216401531,-0.03310371109565098,-0.05390597285032268,27.0,7.0,2.0,0.0,49.0,1.0,0.04608161256472648,0.08044740805828078
2026-01-16 20:00:00+00:00,0.04502262319400195,0.2983322711110115,-0.2002187162053585,20.0,4.0,3.0,0.0,49.0,0.0,0.04771205936655166,0.05849981639018669
2026-01-17 00:00:00+00:00,0.06883730522198336,-0.22993041807889938,-0.0255,15.0,4.0,1.0,0.0,50.0,0.0,-0.06219770428563867,0.060460774177722325
2026-01-17 04:00:00+00:00,0.13703619550913287,0.36361780064662297,0.0,19.0,4.0,0.0,0.0,50.0,1.0,0.16688466538525196,0.06187178917052951
2026-01-17 08:00:00+00:00,0.08144227133949601,0.17149647390810643,0.0,11.0,8.0,0.0,0.0,50.0,1.0,0.08431291508253415,0.0896930561405963
2026-01-17 12:00:00+00:00,0.09260569308337145,0.0,0.10323749999999995,18.0,1.0,2.0,0.0,50.0,0.0,0.0652810643611238,0.0955697500673597
2026-01-17 16:00:00+00:00,0.14190631839927031,0.054517499999999976,0.0,17.0,1.0,0.0,0.0,50.0,1.0,0.0654746061330901,0.11315784691248698
2026-01-17 20:00:00+00:00,0.05894360198389492,-0.06007033976078033,0.0,17.0,2.0,0.0,0.0,50.0,0.0,-0.00037557925896180194,0.08939914410445009
2026-01-18 00:00:00+00:00,-0.08220616727034245,-0.19290581002712248,0.0,13.0,3.0,0.0,0.0,49.0,0.0,-0.09170399243248832,0.07122360260954375
2026-01-18 04:00:00+00:00,0.09230975308577218,0.1370710198879242,0.0133706739616394,9.0,1.0,1.0,0.0,49.0,0.0,0.08091714897844525,0.07457680944722787
2026-01-18 08:00:00+00:00,0.16073403089125948,0.022458012773990624,-0.1795815496778488,13.0,5.0,1.0,0.0,49.0,0.0,0.0012034979958004306,0.07796221450181738
2026-01-18 12:00:00+00:00,0.1829953550868971,-0.21953584325551984,0.11764916659832,20.0,2.0,1.0,0.0,49.0,0.0,0.027036226143232422,0.09246979789430325
2026-01-18 16:00:00+00:00,0.06900231752324097,0.1051021413564682,0.0,25.0,2.0,0.0,0.0,49.0,0.0,0.05803481962656972,0.08909788709999888
2026-01-18 20:00:00+00:00,0.03172134206533425,0.13304665769219398,0.0,22.0,2.0,0.0,0.0,49.0,0.0,0.054922666585842744,0.07335717619515089
2026-01-19 00:00:00+00:00,-0.24114558197021485,0.2900434726699193,0.06807999999999996,7.0,6.0,1.0,0.0,44.0,0.0,0.03899263023323481,0.030487292773135204
2026-01-19 04:00:00+00:00,-0.4587908446886141,0.04550548746109005,0.0,12.0,8.0,0.0,0.0,44.0,0.0,-0.137761785742508,-0.02331051828661788
2026-01-19 08:00:00+00:00,-0.1834617325083414,0.08379491550499199,0.0,14.0,15.0,1.0,0.0,44.0,0.0,-0.033222272334449805,-0.06270644480006268
2026-01-19 12:00:00+00:00,-0.02580371455142899,0.19621993075350913,-0.09607528950452802,30.0,12.0,3.0,0.0,44.0,0.0,0.024780308899184037,-0.08935469414901817
2026-01-19 16:00:00+00:00,-0.1818676524727798,0.05407003495891892,-0.0114825,21.0,7.0,1.0,0.0,44.0,0.0,-0.04642670583795363,-0.14147798094325775
2026-01-19 20:00:00+00:00,0.0397981052446365,-0.004948381079435377,-0.0246825,10.0,3.0,1.0,0.0,44.0,0.0,0.0033890747217337077,-0.14565001126877267
2026-01-20 00:00:00+00:00,0.09917003963947293,0.1353048324275017,0.0,5.0,6.0,0.0,0.0,32.0,0.0,0.07815829068899154,-0.1360144830438957
2026-01-20 04:00:00+00:00,-0.2127473518745104,0.2775881054073571,-0.13145420437335967,12.0,12.0,2.0,0.0,32.0,0.0,-0.022204483613504317,-0.13195759303022364
2026-01-20 08:00:00+00:00,-0.34898776562541717,0.4370082571995258,-0.034409999999999975,10.0,10.0,1.0,0.0,32.0,0.0,0.017870163858036216,-0.11627143887833837
2026-01-20 12:00:00+00:00,-0.16984481205558777,0.0540673577561379,0.05666249999999998,15.0,8.0,1.0,0.0,32.0,0.0,-0.0197049847664833,-0.11432616452794499
2026-01-20 16:00:00+00:00,0.032266880760891105,0.1581555125927925,-0.2785219490361213,23.0,4.0,4.0,0.0,32.0,0.0,-0.02936651856081257,-0.10603036519761354
2026-01-20 20:00:00+00:00,-0.02603116940229369,-0.0025799999999999664,-0.18000122826576234,20.0,1.0,1.0,0.0,32.0,0.0,-0.069537465889352,-0.0837680104732584
